{"MSE": 2.4508016769743914, "_timestamp": 1686074494.728142, "_runtime": 10.886444091796875, "_step": 0, "_wandb": {"runtime": 10}}