{"MSE": 2.453983836538874, "_timestamp": 1686072628.7131279, "_runtime": 10.593114852905273, "_step": 0, "_wandb": {"runtime": 10}}