{"MSE": 2.4482596364374367, "_timestamp": 1686074447.101221, "_runtime": 7.102845191955566, "_step": 0, "_wandb": {"runtime": 6}}