{"MSE": 2.4505329604006985, "_timestamp": 1686074396.820967, "_runtime": 5.76526403427124, "_step": 0, "_wandb": {"runtime": 5}}