{"MSE": 2.4858152934715196, "_timestamp": 1686074472.646343, "_runtime": 4.9352240562438965, "_step": 0, "_wandb": {"runtime": 4}}