{"MSE": 2.4510105364854313, "_timestamp": 1686074422.180533, "_runtime": 7.6744489669799805, "_step": 0, "_wandb": {"runtime": 7}}